song,artist
Beautiful Things,Benson Boone
Enough (Miami),Cardi B
Fri(End)S,V
Lose Control,Teddy Swims
Texas Hold 'Em,Beyoncé
Best For Me,Joyner Lucas & Jelly Roll
Enough (Miami) [Sped Up],Cardi B
Paradise (Feat. *Nsync),Justin Timberlake
Enough (Miami),Cardi B
Enough (Miami) [Slowed Down],Cardi B
Lovin On Me,Jack Harlow
Austin,Dasha
Good Day,Forrest Frank
Enough (Miami) [Acapella],Cardi B
Save Me,Jelly Roll
Selfish,Justin Timberlake
Shadow,Livingston
End Of Beginning,Djo
Made For Me,Muni Long
Texas Hold 'Em,Beyoncé
Flyin' Pass (Remix),"Caldwell, Yung Pinch & Mod Sun"
We Don'T Fight Anymore (Feat. Chris Stapleton),Carly Pearce
Cruel Summer,Taylor Swift
Save Me (With Lainey Wilson),Jelly Roll
Enough (Miami) [Sped Up],Cardi B
"What Was I Made For? (From The Motion Picture ""Barbie"")",Billie Eilish
Need A Favor,Jelly Roll
The America I Know,Trump Latinos & Jimmy Levy
Save Me The Trouble,Dan + Shay
Live Like You Were Dying,Tim Mcgraw
Where The Wild Things Are,Luke Combs
Enough (Miami) [Slowed Down],Cardi B
Lil Boo Thang,Paul Russell
Scared To Start,Michael Marcagi
Grateful,Winter Havens & Aaron Carter
Been Like This,Meghan Trainor & T-Pain
Flowers,Miley Cyrus
I Remember Everything (Feat. Kacey Musgraves),Zach Bryan
Deeper Well,Kacey Musgraves
We Can'T Be Friends (Wait For Your Love),Ariana Grande
Wildflowers And Wild Horses (Single Version),Lainey Wilson
Enough (Miami) [Instrumental],Cardi B
Stick Season,Noah Kahan
The Sound Of Silence (Cyril Remix),Disturbed
Fri(End)S (Sped Up),V
"Praise (Feat. Brandon Lake, Chris Brown & Chandler Moore)",Elevation Worship
Come Jesus Come,Cece Winans
Thinkin’ Bout Me,Morgan Wallen
Enough (Miami) [Acapella],Cardi B
Fri(End)S (Slowed Down),V
The Door,Teddy Swims
Lover,Taylor Swift
Fri(End)S (Instrumental),V
...Ready For It?,Taylor Swift
Fast Car,Luke Combs
A Country Boy Can Survive,"Hank Williams, Jr."
White Horse,Chris Stapleton
Wherever You Are Tonight,Kenny Chesney
23,Chayce Beckham
Dance The Night,Dua Lipa
...Baby One More Time (From Kung Fu Panda 4),Tenacious D
Standing Next To You (Usher Remix),Jung Kook & Usher
Last Night,Morgan Wallen
Standing Next To You,Jung Kook
Houdini,Dua Lipa
Standing Next To You (Holiday Remix),Jung Kook
Truck Bed,Hardy
Rich Men North Of Richmond,Oliver Anthony Music
The Man,Taylor Swift
Standing Next To You (Slow Jam Remix),Jung Kook
Standing Next To You (Pbr&B Remix),Jung Kook
A Symptom Of Being Human,Shinedown
Standing Next To You (Band Version),Jung Kook
Anti-Hero,Taylor Swift
Standing Next To You (Usher Remix),Jung Kook & Usher
Hard To Love,Lee Brice
Standing Next To You (Future Funk Remix),Jung Kook
Tennessee Whiskey,Chris Stapleton
Standing Next To You (Latin Trap Remix),Jung Kook
Dancing In The Moonlight (Original Recording),King Harvest
Spin You Around (1/24),Morgan Wallen
Long Live (Taylor'S Version),Taylor Swift
Carnival (Feat. Playboi Carti),"¥$, Kanye West, Ty Dolla $Ign & Rich The Kid"
You Belong With Me (Taylor’S Version),Taylor Swift
Mamaw'S House (Feat. Morgan Wallen),Thomas Rhett
Standing Next To You (Instrumental),Jung Kook
Legendary,Bon Jovi
Get It Sexyy,Sexyy Red
Seven (Explicit Ver.),Jung Kook & Latto
You Need To Calm Down,Taylor Swift
Love Story (Taylor’S Version),Taylor Swift
Water,Tyla
Pretty Little Poison,Warren Zeiders
What You Won'T Do For Love,Bobby Caldwell
Saturn,Sza
Take It All Back,"Tauren Wells, We The Kingdom & Davies"
Burn It Down,Parker Mccollum
Redrum,21 Savage
Training Season,Dua Lipa
Three Little Birds (Bob Marley: One Love - Music Inspired By The Film),Kacey Musgraves
Texas Hold 'Em,Beyonce
Beautiful Things,Benson Boone
Newwe Can'T Be Friends (Wait For Your Love),Ariana Grande
End Of Beginning,Djo
Lose Control,Teddy Swims
Yes And,Ariana Grande
Stick Season,Noah Kahan
Carnival,Kanye West/Ty Dolla Sign
Training Season,Dua Lipa
Cruel Summer,Taylor Swift
Praise Jah In The Moonlight,Yg Marley
Alibi,Ella Henderson Ft Rudimental
Newbye,Ariana Grande
Scared To Start,Michael Marcagi
Unwritten,Natasha Bedingfield
What Was I Made For,Billie Eilish
Whatever She Wants,Bryson Tiller
Newact Ii - Date At 8,4Batz Ft Drake
Lovers In A Past Life,Calvin Harris & Rag'N'Bone Man
Whatever,Kygo & Ava Max
Escapism,Raye Ft 070 Shake
Kitchen Stove,Pozer
Saturn,Sza
Redrum,21 Savage
Austin,Dasha
Greedy,Tate Mcrae
Prada,Casso/Raye/D-Block Europe
Exes,Tate Mcrae
Home,Good Neighbours
Murder On The Dancefloor,Sophie Ellis-Bextor
Nothing Matters,Last Dinner Party
Never Be Alone,Becky Hill & Sonny Fodera
Homesick,Noah Kahan & Sam Fender
Worth It,Raye
Grey,Yung Filly
Lovin On Me,Jack Harlow
Evergreen,Richy Mitch & The Coal Miners
Lil Boo Thang,Paul Russell
Von Dutch,Charli Xcx
One Of The Girls,Weeknd/Jennie/Lily Rose Depp
Fein,Travis Scott Ft Playboi Carti
Birds In The Sky,Newera
Reback On 74,Jungle
Made For Me,Muni Long
Houdini,Dua Lipa
Strangers,Kenya Grace
Burn,Kanye West/Ty Dolla Sign
Angel Numbers/Ten Toes,Chris Brown
Vampire,Olivia Rodrigo
Selfish,Justin Timberlake
Water,Tyla
I Will,Central Cee
Make You Mine,Madison Beer
Green & Gold,Rudimental/Skepsis/Plank/Riko
I Remember Everything,Zach Bryan Ft Kacey Musgraves
Coal,Dylan Gossett
Baby Shark,Pinkfong
Flowers,Miley Cyrus
One Call,Rich Amiri
Would You (Go To Bed With Me),Campbell & Alcemist
Happier,Blessed Madonna/Douglas
Soaked,Shy Smith
Mr Brightside,Killers
Wasted Youth,Goddard & Cat Burns
Anti-Hero,Taylor Swift
We Ain'T Here For Long,Nathan Dawe
Dna (Loving You),Billy Gillies Ft Hannah Boleyn
Thank You (Not So Bad),Dimitri Vegas & Like Mike
Could You Be Loved,Bob Marley & The Wailers
Newuh Uh,Clavish/Fredo
If U Think I'M Pretty,Artemas
Never Lose Me,Flo Milli
Disconnect,Becky Hill/Chase & Status
Leavemealone,Fred Again & Baby Keem
My Love Mine All Mine,Mitski
Everywhere,Fleetwood Mac
Someone You Loved,Lewis Capaldi
Asking,Sonny Fodera/Mk/Douglas
Forever,Noah Kahan
Ophelia,Lumineers
Newi Miss You I'M Sorry,Gracie Abrams
Dance The Night (From Barbie The Album),Dua Lipa
Baddadan,Chase & Status/Bou/Flowdan
Popular,Weeknd/Playboi Carti/Madonna
Before You Leave Me,Alex Warren
Newnever Be Lonely,Jax Jones/Zoe Wees
My Eyes,Travis Scott
Reiris,Goo Goo Dolls
Three Little Birds,Bob Marley & The Wailers
Doctor (Work It Out),Pharrell Williams/Miley Cyrus
Cuban Links,Skrapz/Nines/D-Block Europe
Overcompensate,Twenty One Pilots
Breathe,Yeat
On My Love,Zara Larsson & David Guetta
Sprinter,Dave & Central Cee
Newlighter,Galantis/Guetta/5 Seconds Of
Incredible Sauce,Giggs Ft Dave
Rich Baby Daddy,Drake Ft Sexyy Red & Sza
Redreams,Fleetwood Mac
Reriptide,Vance Joy
