song,artist,genre
Beautiful Things,Benson Boone,Pop
Enough (Miami),Cardi B,Hip-Hop / Rap
FRI(END)S,V,K-Pop
Lose Control,Teddy Swims,Pop
TEXAS HOLD 'EM,Beyoncé,Country
Best For Me,Joyner Lucas & Jelly Roll,Rap
Enough (Miami) [Sped Up],Cardi B,Hip-Hop / Rap
Paradise (feat. *NSYNC),Justin Timberlake,Pop
Enough (Miami),Cardi B,Hip-Hop / Rap
Enough (Miami) [Slowed Down],Cardi B,Hip-Hop / Rap
Lovin On Me,Jack Harlow,Hip-Hop / Rap
Austin,Dasha,Country
GOOD DAY,Forrest Frank,Christian & Gospel
Enough (Miami) [Acapella],Cardi B,Hip-Hop / Rap
Save Me,Jelly Roll,Rap
Selfish,Justin Timberlake,Pop
Shadow,Livingston,Pop
End of Beginning,Djo,Alternativ
Made For Me,Muni Long,R&B / Soul
TEXAS HOLD 'EM,Beyoncé,Country
Flyin' Pass (Remix),"Caldwell, Yung Pinch & MOD SUN",Country
we don't fight anymore (feat. Chris Stapleton),Carly Pearce,Country
Cruel Summer,Taylor Swift,Pop
Save Me (with Lainey Wilson),Jelly Roll,Country
Enough (Miami) [Sped Up],Cardi B,Hip-Hop / Rap
"What Was I Made For? (From The Motion Picture ""Barbie"")",Billie Eilish,Alternativ
Need a Favor,Jelly Roll,Country
The America I Know,Trump Latinos & Jimmy Levy,Hip-Hop / Rap
Save Me The Trouble,Dan + Shay,Country
Live Like You Were Dying,Tim McGraw,Country
Where the Wild Things Are,Luke Combs,Country
Enough (Miami) [Slowed Down],Cardi B,Hip-Hop / Rap
Lil Boo Thang,Paul Russell,Pop
Scared To Start,Michael Marcagi,Alternativ
Grateful,Winter Havens & Aaron Carter,Danc
Been Like This,Meghan Trainor & T-Pain,Pop
Flowers,Miley Cyrus,Pop
I Remember Everything (feat. Kacey Musgraves),Zach Bryan,Country
Deeper Well,Kacey Musgraves,Country
we can't be friends (wait for your love),Ariana Grande,Pop
Wildflowers and Wild Horses (Single Version),Lainey Wilson,Country
Enough (Miami) [Instrumental],Cardi B,Hip-Hop / Rap
Stick Season,Noah Kahan,Alternativ
The Sound of Silence (CYRIL Remix),Disturbed,Danc
FRI(END)S (Sped Up),V,K-Pop
"Praise (feat. Brandon Lake, Chris Brown & Chandler Moore)",Elevation Worship,Christian & Gospel
Come Jesus Come,CeCe Winans,Christian & Gospel
Thinkin’ Bout Me,Morgan Wallen,Country
Enough (Miami) [Acapella],Cardi B,Hip-Hop / Rap
FRI(END)S (Slowed Down),V,K-Pop
The Door,Teddy Swims,Pop
Lover,Taylor Swift,Pop
FRI(END)S (Instrumental),V,K-Pop
...Ready For It?,Taylor Swift,Pop
Fast Car,Luke Combs,Country
A Country Boy Can Survive,"Hank Williams, Jr.",Country
White Horse,Chris Stapleton,Country
Wherever You Are Tonight,Kenny Chesney,Country
23,Chayce Beckham,Country
Dance The Night,Dua Lipa,Pop
...Baby One More Time (from Kung Fu Panda 4),Tenacious D,Soundtrack
Standing Next to You (Usher Remix),Jung Kook & USHER,K-Pop
Last Night,Morgan Wallen,Country
Standing Next to You,Jung Kook,K-Pop
Houdini,Dua Lipa,Pop
Standing Next to You (Holiday Remix),Jung Kook,K-Pop
TRUCK BED,HARDY,Country
Rich Men North of Richmond,Oliver Anthony Music,Country
The Man,Taylor Swift,Pop
Standing Next to You (Slow Jam Remix),Jung Kook,K-Pop
Standing Next to You (PBR&B Remix),Jung Kook,K-Pop
A Symptom Of Being Human,Shinedown,Hard Rock
Standing Next to You (Band Version),Jung Kook,K-Pop
Anti-Hero,Taylor Swift,Pop
Standing Next to You (USHER Remix),Jung Kook & USHER,Pop
Hard to Love,Lee Brice,Country
Standing Next to You (Future Funk Remix),Jung Kook,K-Pop
Tennessee Whiskey,Chris Stapleton,Country
Standing Next to You (Latin Trap Remix),Jung Kook,K-Pop
Dancing In the Moonlight (Original Recording),King Harvest,Rock
Spin You Around (1/24),Morgan Wallen,Country
Long Live (Taylor's Version),Taylor Swift,Pop
CARNIVAL (feat. Playboi Carti),"¥$, Kanye West, Ty Dolla $ign & Rich The Kid",Hip-Hop / Rap
You Belong With Me (Taylor’s Version),Taylor Swift,Country
Mamaw's House (feat. Morgan Wallen),Thomas Rhett,Country
Standing Next to You (Instrumental),Jung Kook,K-Pop
Legendary,Bon Jovi,Rock
Get It Sexyy,Sexyy Red,Hip-Hop / Rap
Seven (Explicit Ver.),Jung Kook & Latto,K-Pop
You Need To Calm Down,Taylor Swift,Pop
Love Story (Taylor’s Version),Taylor Swift,Country
Water,Tyla,Pop
Pretty Little Poison,Warren Zeiders,Country
What You Won't Do for Love,Bobby Caldwell,R&B / Soul
Saturn,SZA,R&B / Soul
Take It All Back,"Tauren Wells, We The Kingdom & Davies",Christian & Gospel
Burn It Down,Parker McCollum,Country
redrum,21 Savage,Hip-Hop / Rap
Training Season,Dua Lipa,Pop
Three Little Birds (Bob Marley: One Love - Music Inspired By The Film),Kacey Musgraves,Country
